title,label
CMG제약 외국인 12만 9000주 순매수 주가 058,1
CMG제약 외국인 8만 6000주 순매수 주가 246,1
CMG제약 검색 상위 랭킹 주가 159,0
5년만에 2배 성장한 CMG제약 RD로 새로운 도약 준비,1
신제품신기술CMG제약 이너뷰티 비타채움’ 출시,0
CMG제약 비타채움 출시활력충전·피부건강을 한번에,0
CMG제약 10 이상 상승 주가 5일 이평선 상회 단기·중기 이평선 역배열,1
CMG제약 기술평가 A등급 획득필름형 기술 호평,0
잠정실적CMG제약 매출액 영업이익 모두 3년 최고 수준 달성 연결,1
CMG제약엘에스파마 신제품 개발 위한 기술이전 MOU 체결,0
CMG제약 갱년기 여성 위한 레드진생 리웨이크25 출시,0
CMG제약 건강기능식품 브랜드 CMG 건강연구소 론칭,0
CMG제약 필름형 조현병치료제 최초 美 허가 신청,1
CMG제약 필름형 조현병치료제 미 FDA 허가 신청 완료,0
CMG제약 10 이상 상승 20193Q 매출액 150억219 영업이익 6억326,1
CMG제약 10 이상 상승 전일 기관 대량 순매수,1
마켓포인트코스닥 주간 외국인 순매도 1위 CMG제약’,-1
CMG제약 상한가↑ 도달 단기·중기 이평선 정배열로 상승세,1
fnRASSICMG제약058820 현재 1374 ↑,0
CMG제약 10 이상 상승 단기·중기 이평선 정배열로 상승세,1
제목,0
마켓인사이트DSC인베스트먼트 리뷰 큐레이션 서비스 빌리뷰에 5억원 시드 투자,0
DSC인베스트먼트 “시황 변동 중요 정보 없어” 답변 공시,0
거래소 “DSC인베스트먼트에 현저한 시황변동 조회공시 요구”,0
“셜록으로 영어 공부”···퀼슨 네이버·DSC인베스트먼트에 60억 투자,0
마켓인사이트초기 투자 명가 DSC인베스트먼트는 어디에 투자했을까,0
마켓인사이트DSC인베스트먼트 2012년 창사 이래 최대 상반기 실적,0
표DSC인베스트먼트 등 코스닥 자사주 신청내역10일,0
표DSC인베스트먼트 등 코스닥 자사주 신청내역5일,0
표DSC인베스트먼트 등 코스닥 자사주 신청내역4일,0
표DSC인베스트먼트 등 코스닥 자사주 신청내역3일,0
표DSC인베스트먼트 등 코스닥 자사주 신청내역31일,0
표DSC인베스트먼트 등 코스닥 자사주 신청내역28일,0
DSC인베스트먼트 산재보험기금 벤처펀드 운용사로 선정,1
DSC인베스트먼트 주가 3220원 852 게시판 북적,0
DSC인베스트먼트 10 이상 상승 주가 상승 중 단기간 골든크로스 형성,1
DSC인베스트먼트 10 이상 상승 주가 상승 중 단기간 골든크로스 형성,1
fnRASSIDSC인베스트먼트241520 1223 상승,1
DSC인베스트먼트 전환사채 만기전 취득,0
DSC인베스트먼트 10 이상 상승 전일 외국인 대량 순매수,1
DSC인베스트먼트 10 이상 상승 전일 외국인 대량 순매수,1
제목,0
KMH하이텍 “시황 변동 중요 정보 없어” 답변 공시,0
거래소 KMH하이텍 조회 공시 요구,0
KMH하이텍 2분기 영업이익 28억원전년比 56↑,1
KMH하이텍 베트남 종속회사 VINA KMH HITECH 흡수합병,0
KMH하이텍 “시황 변동 중요 정보 없어” 답변 공시,0
거래소 KMH하이텍에 주가급등 조회공시 요구,1
KMH하이텍 10 이상 상승 단기·중기 이평선 정배열로 상승세,1
KMH하이텍 10 이상 상승 전일 외국인 대량 순매수,1
KMH하이텍 베트남 신규공장 완공3분기내 양산 목표,0
KMH하이텍 코로나19 여파에도 1분기 호실적 영업이익 전년比 352↑,1
KMH하이텍 주가 급등 관련 공시할 사항 없어,1
거래소 KMH하이텍 시황 변동 관련 조회 공시 요구,0
KMH하이텍 상한가↑ 도달 주가 상승 중 단기간 골든크로스 형성,1
fnRASSIKMH하이텍052900 전일대비 83 상승,1
안정화 끝난 KMH하이텍매출 1000억 고지 노린다,1
KMH하이텍 임원진 4명 자사주 6만주 매입,0
KMH하이텍 35억원 규모 CB 발행,0
KMH하이텍 베트남에 신규 공장 건립,0
코스닥 공시 지엘팜텍  KMH하이텍  동양네트웍스 등,0
KMH하이텍 120억 단기 차입 결정,0
제목,0
특징주 홍정욱 “정치 재개 뜻 없다”KNN 장중 7대 하락,-1
KNN 주가 1840원 전일대비 054,0
KNN 52주 신고가 경신 단기·중기 이평선 정배열로 상승세,1
fnRASSIKNN 전일대비 822 상승,1
KNN 커뮤니티 활발 주가 541,0
KNN 외국인 5만 주 순매수 주가 03,1
KNN 52주 신고가 경신 전일 기관 대량 순매수,1
홍정욱 테마주 상한가 친 KNN알고보니 이미 끝난 사이,1
상장 10년만에 역대 최고가 홍정욱 테마주 KNN은 어떤 회사,1
fnRASSI장마감 코스닥 상승 종목KNN 297 ↑,1
KNN 미디어방송신문 테마 상승세에 2969 ↑,1
KNN 상한가↑ 도달 단기·중기 이평선 정배열로 상승세,1
KNN 주가 1485원 1602 게시판 북적,0
김종인 통합당에 대선주자 있나에 홍정욱 테마주 KNN 들썩,0
KNN 15 이상 상승 주가 상승 중 단기간 골든크로스 형성,1
KNN 10 이상 상승 주가 상승 중 단기간 골든크로스 형성,1
KNN 10 이상 상승 주가 5일 이평선 상회 단기·중기 이평선 역배열,1
KNN 10 이상 상승 단기·중기 이평선 정배열로 상승세,1
KNN 10 이상 상승 주가 60일 이평선 상회 단기·중기 이평선 역배열,1
KNN 10 이상 상승 주가 상승 중 단기간 골든크로스 형성,1
제목,0
리드코프·SBI인베스트먼트 급등日 아베 사임 의향,1
SBI인베스트먼트 커뮤니티 활발 주가 196,0
SBI인베스트먼트 52주 신고가 경신 전일 외국인 대량 순매수,1
SBI인베스트먼트 10 이상 상승 전일 외국인 대량 순매수,1
SBI인베스트먼트 검색 상위 랭킹 주가 153,0
SBI인베스트먼트 10 이상 상승 단기·중기 이평선 정배열로 상승세,1
SBI인베스트먼트 52주 신고가 경신 단기·중기 이평선 정배열로 상승세,1
fnRASSISBI인베스트먼트019550 현재 908,0
SBI인베스트먼트 주가 804원 전일대비 894,0
SBI인베스트먼트 10 이상 상승 단기·중기 이평선 정배열로 상승세,1
fnRASSI장마감 코스닥 상승 종목SBI인베스트먼트 299 ↑,1
마켓인사이트SBI인베스트먼트 2차전지 생산장비 제조사 씨아이에스 최대주주 지분 인수,0
SBI인베스트먼트 상한가↑ 도달 주가 상승세 단기 이평선 역배열 구간,1
특징주 SBI인베스트먼트 씨아이에스 최대주주 등극 소식에 급등,1
SBI인베스트먼트 15 이상 상승 주가 60일 이평선 상회 단기·중기 이평선 역배열,1
씨아이에스 최대주주 지비이홀딩스로 변경SBI인베스트먼트 FI 나서,0
시그널 SBI인베스트먼트 소부장기업 씨아이에스 최대주주로,0
fnRASSISBI인베스트먼트 168 오르며 거래량 증가,0
SBI인베스트먼트 지난해 영업익 114억전년비 2978↑,0
SBI인베스트먼트 10 이상 상승 전일 외국인 대량 순매도,1
제목,0
시그널 토스 신용평가사 SCI평가정보 인수 결국 불발,-1
SCI평가정보 최대주주 지분 매각 협의 중,0
마켓인사이트핀테크 대장 토스 개인신용평가社 SCI평가정보 인수 검토,0
특징주 SCI평가정보 토스 인수설에 강세,1
SCI평가정보 최대주주 일부 지분매각 협의 지속확정된 바 없어,0
SCI평가정보 52주 신고가 경신 단기·중기 이평선 정배열로 상승세,1
SCI평가정보 주가 5870원 전일대비 034,0
fnRASSISCI평가정보 52주 신고가1391 ↑,1
SCI평가정보 52주 신고가 경신 단기·중기 이평선 정배열로 상승세,1
SCI평가정보 52주 신고가 경신 단기·중기 이평선 정배열로 상승세,1
fnRASSISCI평가정보 상한가 기록,1
SCI평가정보 상한가↑ 도달 전일 외국인 대량 순매수,1
fnRASSISCI평가정보 전일대비 1671 상승,1
SCI평가정보 10 이상 상승 단기·중기 이평선 정배열로 상승세,1
SCI평가정보 검색 상위 랭킹 주가 159,0
SCI평가정보 “최대주주 일부 지분매각 검토 중확정된 바 없다”,0
fnRASSISCI평가정보 52주 신고가829 ↑,1
SCI평가정보 10 이상 상승 단기·중기 이평선 정배열로 상승세,1
SCI평가정보 검색 상위 랭킹 주가 583,0
SCI평가정보 52주 신고가 경신 단기·중기 이평선 정배열로 상승세,1
제목,0
SDN 2분기 영업이익 15억원전년比 3072↑,1
SDN 2Q 영업익 15억전년比 307↑,0
SDN 외국인 21만 5575주 순매도 주가 067,-1
SDN 주가 2870원 709 게시판 북적,0
fnRASSISDN099220 전일대비 1063 상승,1
SDN 10 이상 상승 단기·중기 이평선 정배열로 상승세,1
SDN 100억원 규모 전환사채 발행 결정,0
최기혁 SDN 대표이사 콜옵션으로 보유주식 늘려,0
fnRASSISDN 1099 오르며 거래량 증가,0
SDN 10 이상 상승 주가 60일 이평선 상회 단기·중기 이평선 역배열,1
SDN 10 이상 상승 전일 외국인 대량 순매수,1
SDN 10 이상 상승 20193Q 매출액 194억21 영업이익 17억61,1
SDN 작년 영업이익 42억원전년비 459↑,1
SDN 지난해 영업익 42억전년비 459↑,0
잠정실적SDN 작년 4Q 매출액 193억76 영업이익 83억흑자전환 연결,1
SDN 10 이상 상승 20193Q 매출액 194억21 영업이익 17억61,1
SDN 10 이상 상승 기관 4일 연속 순매수61만주,1
SDN 10 이상 상승 전일 외국인 대량 순매수,1
SDN 52주 신고가 경신 20193Q 매출액 194억21 영업이익 17억61,1
SDN 52주 신고가 경신 단기·중기 이평선 정배열로 상승세,1
제목,0
주식 초고수는 지금 SV인베스트먼트 매수·매도 1위···포스코도 강세,1
주식 초고수는 지금에이치엘비생명과학·SK하이닉스 사고 SV인베스트먼트·신풍제약 팔아,0
주식 초고수는 지금 SV인베스트먼트 가장 많이 사들여···바이오·제약주 강세,1
특징주SV인베스트먼트 이뮨메드 코로나19 치료제 바이러스 93 감소 효과 확인,0
SV인베스트먼트 검색 상위 랭킹 주가 106,0
SV인베스트먼트 투자자 검색 급증 주가 3795원107,1
SV인베스트먼트 검색 상위 랭킹 주가 239,0
SV인베스트먼트 외국인 2000주 순매수 주가 094,1
SV인베스트먼트 외국인 1000주 순매수 주가 08,1
SV인베스트먼트 주가 3750원 전일대비 135,0
SV인베스트먼트 투자자 검색 급증 주가 3670원353,1
SV인베스트먼트 검색 상위 랭킹 주가 028,0
SV인베스트먼트 검색 상위 랭킹 주가 217,0
SV인베스트먼트 투자자 검색 급증 주가 3630원055,1
SV인베스트먼트 외국인 6000주 순매도 주가 109,-1
SV인베스트먼트 검색 상위 랭킹 주가 42,0
SV인베스트먼트 개인 투자자 관심 집중 주가 113,1
SV인베스트먼트 검색 상위 랭킹 주가 2139,0
SV인베스트먼트 10 이상 상승 주가 상승 중 단기간 골든크로스 형성,1
SV인베스트먼트 검색 상위 랭킹 주가 246,0
제목,0
TS인베스트먼트 “시황 변동 중요 정보 없어” 답변 공시,0
거래소 “TS인베스트먼트에 현저한 시황변동 조회공시 요구”,0
TS인베스트먼트 일자리취업 테마 상승세에 549 ↑,1
TS인베스트먼트 10 이상 상승 주가 상승 중 단기간 골든크로스 형성,1
TS인베스트먼트 10 이상 상승 주가 상승 중 단기간 골든크로스 형성,1
fnRASSITS인베스트먼트246690 전일대비 957 상승,1
TS인베스트먼트 10 이상 상승 주가 상승 중 단기간 골든크로스 형성,1
fnRASSITS인베스트먼트246690 현재 1462 ↑,0
TS인베스트먼트 10 이상 상승 주가 5일 이평선 상회 단기·중기 이평선 역배열,1
TS인베스트먼트 52주 신고가 경신 전일 외국인 대량 순매수,1
TS인베스트먼트 10 이상 상승 전일 외국인 대량 순매수,1
TS인베스트먼트 10 이상 상승 단기·중기 이평선 정배열로 상승세,1
TS인베스트먼트 10 이상 상승 단기·중기 이평선 정배열로 상승세,1
TS인베스트먼트 10 이상 상승 전일 외국인 대량 순매수,1
fnRASSITS인베스트먼트246690 현재 136,0
TS인베스트먼트 10 이상 상승 단기·중기 이평선 정배열로 상승세,1
TS인베스트먼트 10 이상 상승 단기·중기 이평선 정배열로 상승세,1
제목,0
W홀딩컴퍼니 초록뱀미디어 주식 150억원에 취득,0
W홀딩컴퍼니 “140억원 규모 셀바이오1호조합 주식 처분”,0
W홀딩컴퍼니 50억원 규모 유상증자 결정,0
BTS 푸른하늘 효과 초록뱀·스카이이앤엠·W홀딩컴퍼니 꿈틀’,0
마켓포인트코스닥 주간 개인 순매수 1위 W홀딩컴퍼니,1
W홀딩컴퍼니 10 이상 상승 주가 20일 이평선 상회 단기·중기 이평선 역배열,1
원영식 W홀딩컴퍼니 회장 에이프로젠KIC 잭팟시총 넘는 자산 부각,0
W홀딩컴퍼니 627 상승폭 확대,1
W홀딩컴퍼니 계열사 초록뱀미디어 주식 136억원에 추가취득,0
W홀딩컴퍼니 10 이상 상승 주가 상승 중 단기간 골든크로스 형성,1
특징주 W홀딩컴퍼니 에이프로젠 그룹 3사 합병 소식에지분가치 부각↑,0
fnRASSIW홀딩컴퍼니052300 현재 1835 ↑,0
W홀딩컴퍼니 10 이상 상승 주가 상승 중 단기간 골든크로스 형성,1
W홀딩컴퍼니 방탄소년단 효과로 자회사 가치 및 투자자산 시총 상회 상승,1
W홀딩컴퍼니 본점 소재지 변경,0
W홀딩컴퍼니 계열사 지분 처분,0
W홀딩컴퍼니 원영식 회장 홈캐스트 사건 최종 무죄,0
fnRASSIW홀딩컴퍼니052300 현재 1415 ↑,0
W홀딩컴퍼니 10 이상 상승 주가 상승 중 단기간 골든크로스 형성,1
W홀딩컴퍼니 20 이상 상승 주가 상승 중 단기간 골든크로스 형성,1
제목,0
골드퍼시픽에이피알지 코로나19 치료제 인도 임상 원료의약품 생산완료 ,0
골드퍼시픽에이피알지 코로나19 치료제 임상1상 원료의약품 계약인도 임상 연내 착수,1
골드퍼시픽 100억원 규모 유상증자 결정,0
특징주골드퍼시픽 렘데시비르 대비 50배 효능 코로나19 치료제 해외 진출 기대,1
특징주골드퍼시픽 상한가코로나19 치료제 인도 임상 1상 승인,1
골드퍼시픽 조정영 대표이사 체제로 변경,0
골드퍼시픽 에이피알지 코로나19 치료제 개발 컨소시엄 구성 임상1상 연내 완료,0
골드퍼시픽에이피알지 코로나19 치료제 기술이전 계약,1
골드퍼시픽 中 시진핑 코로나19 치료제 개발 정책 수혜 기대감 강세,1
골드퍼시픽 10 이상 상승 전일 외국인 대량 순매수,1
골드퍼시픽 검색 상위 랭킹 주가 906,0
특징주골드퍼시픽 렘데시비르 50배 효능코로나19 치료제 개발 급등,1
fnRASSI골드퍼시픽038530 현재 1898,0
fnRASSI골드퍼시픽038530 전일대비 1012 상승,1
골드퍼시픽 10 이상 상승 주가 5일 이평선 상회 단기·중기 이평선 역배열,1
fnRASSI골드퍼시픽038530 현재 1179 ↑,0
골드퍼시픽 검색 상위 랭킹 주가 16,0
골드퍼시픽 커뮤니티 활발 주가 841,0
골드퍼시픽 10 이상 상승 주가 반등 시도 단기·중기 이평선 역배열,1
골드퍼시픽 주가 1140원 전일대비 916,0
제목,0
골든센츄리 상반기 영업익 156억원전년比 54↑상보,0
골든센츄리 지난해 영업이익 295억원전년대비 16↑,1
골든센츄리 사업보고서 지연제출 면제5월 제출할 것,0
마켓포인트코스닥 주간 개인 순매도 1위 골든센츄리,-1
골든센츄리 레이저컷팅 사업 위한 50억원 CB 발행,0
골든센츄리 50억원 규모 전환사채 발행 결정,0
코스닥 공시 에스모머티리얼즈  힘스  골든센츄리,0
특징주골든센츄리 종속회사 영업정지 소식에 약세,-1
골든센츄리 주당 3원씩 현금 결산배당,0
16일 기관 코스닥에서 골든센츄리806 SFA반도체138 등 순매도,-1
13일 기관 코스닥에서 골든센츄리863 아톤1221 등 순매도,-1
골든센츄리 15 이상 상승 전일 외국인 대량 순매수,1
신한금융투자 골든센츄리 지분 2024 보유,0
골든센츄리 3Q 매출액 1075억원전년比 237↑상보,0
골든센츄리 3Q 영업이익 5155만 위안전년比 673↑,1
신금투 골든센츄리 유상증자 미매각물량 인수,0
골든센츄리 유증 참여 최대주주 지분 보호예수기간 부여최대주주 책임 다한다,0
골든센츄리 주주배정 유상증자 청약률 508,0
골든센츄리 유상증자 최종발행가액 확정,0
골든센츄리 66억원 트랙터 휠 공급계약 체결,1
제목,0
국영지앤엠 현저한 시황변동 관련 공시할 중요 정보 없다,0
거래소 그리티·국영지앤엠 등에 시황 변동 조회 공시 요구,0
특징주 국영지앤엠 SK건설과 국내최초 창문형 태양광 발전 개발 강세,1
국영지앤엠 40억 규모 유리납품 계약 체결,1
국영지앤엠 10 이상 상승 주가 20일 이평선 상회 단기·중기 이평선 역배열,1
특징주국영지앤엠 정부 남북철도 재추진차세대고속철 개발참여 부각 강세,1
fnRASSI국영지앤엠006050 52주 신고가 경신465 ↑,1
국영지앤엠 52주 신고가 경신 주가 상승 중 단기간 골든크로스 형성,1
fnRASSI오늘의 상한가 국영지앤엠 300 ↑,1
국영지앤엠 10 이상 상승 주가 60일 이평선 상회 단기·중기 이평선 역배열,1
국영지앤엠 10 이상 상승 주가 반등 시도 단기 이평선 역배열 구간,1
국영지앤엠 수주공시  판교 아이스퀘어 유리공사 324억원 매출액대비 575,0
fnRASSI제너셈 국영지앤엠 등 31종목 52주 신고가 경신,1
국영지앤엠 52주 신고가 경신 20193Q 매출액 205억654 영업이익 4억흑자전환,1
잠정실적국영지앤엠 작년 4Q 매출액 급증 228억원 전년동기比 75↑ 개별,1
국영지앤엠 10 이상 상승 20193Q 매출액 205억654 영업이익 4억흑자전환,1
국영지앤엠 10 이상 상승 20193Q 매출액 205억654 영업이익 4억흑자전환,1
국영지앤엠 44억 규모 네이버 분당신사옥 건축공사 수주,0
국영지앤엠 52주 신고가 경신 전일 외국인 대량 순매수,1
국영지앤엠 52주 신고가 경신 단기·중기 이평선 정배열로 상승세,1
제목,0
코스닥 메모 23일 변경상장글로스퍼랩스무상감자,1
거래소 “글로스퍼랩스 이달 28일부터 거래정지”,-1
글로스퍼랩스 70억원 규모 토지 및 건물 중부오토리사이클에 양도,0
글로스퍼랩스 조산구 사외이사 중도퇴임,0
거래소 글로스퍼랩스에 주가급등 조회공시 요구,1
fnRASSI글로스퍼랩스032860 현재 1439,0
글로스퍼랩스 100억원 규모 제3자배정 유상증자 결정,0
글로스퍼랩스 100억원 규모 전환사채 발행 결정,0
fnRASSI글로스퍼랩스 상한가 기록,1
특징주 글로스퍼랩스 무상감자 소식에 약세,-1
코스닥 공시 글로스퍼랩스,0
글로스퍼랩스 이대식 대표이사 체제로 변경,0
fnRASSI글로스퍼랩스 거래량 확대되며 3거래일 연속 하락,-1
fnRASSI장마감 코스닥 하락 종목글로스퍼랩스 114 ↓,-1
글로스퍼랩스 김정상 씨로부터 경영권 분쟁 관련 피소,0
fnRASSI글로스퍼랩스 상한가 기록,1
글로스퍼랩스 대만 FUDA와 데이터스텔스 수출 위한 MOU,0
글로스퍼랩스 라이프스타일 호텔·기업연수 사업 진출안정적 수익원 확보,1
글로스퍼랩스 139억원 규모 토지 및 건물 양도 결정,0
글로스퍼랩스 138억 규모 가평 부동산 취득,0
제목,0
나인테크 LG전자에 85억원 규모 2차전지 제조장비 공급계약 체결,1
특징주테슬라發 납품 확대 기대감나인테크 장중 급등,1
나인테크 52주 신고가 경신 전일 외국인 대량 순매수,1
나인테크 10 이상 상승 주가 상승 중 단기간 골든크로스 형성,1
나인테크 30억원 규모 단기차입금 증가 결정,0
나인테크 고객사 2차전지 투자 확대 따른 수혜 예상SK,1
나인테크 69억원 규모 디스플레이 제조장비 공급계약 체결,1
나인테크 1분기 영업이익 12억흑자전환,1
나인테크 10 이상 상승 단기·중기 이평선 정배열로 상승세,1
fnRASSI나인테크 687 오르며 거래량 증가,0
나인테크 10 이상 상승 주가 상승 흐름 단기 이평선 정배열 중기 이평선 역배열,1
특징주 2차전지·디스플레이 장비업체 나인테크 상장 첫날 약세,1
교보7호스팩 박근노 외 4명으로 최대주주 변경,0
fnRASSI교보7호스팩267320 1502 상승,1
fnRASSI교보7호스팩 상한가 기록,1
교보7호스팩 나인테크와 합병 승인4월 22일 상장,1
IPO 출사표2차전지 소부장업체 나인테크 “사업 다각화해 지속 성장”,1
나인테크 교보7호스팩과 합병상장 초읽기,1
교보7호스팩 3월 23일 정기주총 개최,0
금감원 교보7호스팩 합병 증권신고서 정정신고 요구,0
제목,0
네온테크 장비 기술 신규 특허 6건 확보,0
네온테크 마스크 제조 장비 30억원 신규 수주,0
네온테크 상반기 영업익 8억8000만원영업이익률 54,1
HotLine 네온테크 반도체·MLCC 절단장비 수주 증가 기대,1
네온테크 10 이상 상승 Dicing과 Cutter 전문업체,1
마켓인사이트반도체 장비 전문 업체 네온테크 사모 회사채 시장서 30억원 마련,0
네온테크 30억 규모 사모 CB 발행 결정,0
네온테크 드론Drone 테마 상승세에 528 ↑,1
네온테크 검색 상위 랭킹 주가 365,0
네온테크 외국인 5000주 순매도 주가 2417,-1
fnRASSI네온테크 52주 신고가2533 ↑,1
GS 도시락 드론시연 업체는 20년차 벤처 네온테크,0
네온테크 MLCC적층세라믹콘덴서 테마 상승세에 2767 ↑,1
네온테크 15 이상 상승 전일 외국인 대량 순매수,1
fnRASSI네온테크306620 52주 신고가 경신1617 ↑,1
네온테크 커뮤니티 활발 주가 1677,0
네온테크 MLCC적층세라믹콘덴서 테마 상승세에 1717 ↑,1
네온테크 인공지능AI을 접목한 드론사업분야 확대,0
네온테크 2994 상한가,1
fnRASSI네온테크 상한가 기록,1
제목,0
뉴파워프라즈마 1274억원 규모 유상증자 결정,0
뉴파워프라즈마 전북 익산 토지·건물 353억원에 양수 결정,0
뉴파워프라즈마 “주가급등 관련 공시할 중요 사항 없어”,1
뉴파워프라즈마 “현저한 시황변동 사유없다”,0
거래소 뉴파워프라즈마에 현저한 시황변동 관련 조회공시 요구,0
fnRASSI장마감 코스닥 하락 종목뉴파워프라즈마 110 ↓,-1
뉴파워프라즈마 주가 6360원 769 게시판 북적,0
fnRASSI뉴파워프라즈마144960 52주 신고가 경신138 ↑,1
fnRASSI뉴파워프라즈마144960 52주 신고가 경신711 ↑,1
뉴파워프라즈마 검색 상위 랭킹 주가 227,0
fnRASSI뉴파워프라즈마144960 1097 상승,1
fnRASSI뉴파워프라즈마144960 52주 신고가 경신739 ↑,1
fnRASSI뉴파워프라즈마144960 52주 신고가389 ↑,1
뉴파워프라즈마 10 이상 상승 단기·중기 이평선 정배열로 상승세,1
fnRASSI뉴파워프라즈마144960 52주 신고가25 ↑,1
fnRASSI뉴파워프라즈마144960 1083 상승,1
뉴파워프라즈마 10 이상 상승 단기·중기 이평선 정배열로 상승세,1
fnRASSI뉴파워프라즈마 422 오르며 거래량 증가,0
뉴파워프라즈마 1065 VI 발동,0
표뉴파워프라즈마 등 코스닥 자사주 신청내역3일,0
제목,0
대성파인텍 10 이상 상승 전일 외국인 대량 순매수,1
대성파인텍 10 이상 상승 전일 외국인 대량 순매수,1
특징주 대성파인텍 文그린뉴딜 기대감에 태양열 보일러 부각 강세,1
fnRASSI대성파인텍104040 전일대비 1303 상승,1
대성파인텍 10 이상 상승 단기·중기 이평선 정배열로 상승세,1
대성파인텍 태양광에너지 테마 상승세에 1603 ↑,1
fnRASSI대성파인텍 전일대비 1374 상승,1
대성파인텍 20 이상 상승 단기·중기 이평선 정배열로 상승세,1
거래소 대성파인텍 시황변동 조회공시 요구,0
fnRASSI대성파인텍104040 1713 상승,1
대성파인텍 10 이상 상승 주가 상승 중 단기간 골든크로스 형성,1
거래소 대성파인텍 불성실공시법인 지정,-1
대성파인텍 지난해 영업이익 54억원 전년比 291↓,1
잠정실적대성파인텍 작년 4Q 매출액 120억12 영업이익 24억흑자전환 연결,1
대성파인텍 10 이상 상승 전일 외국인 대량 순매수,1
코스닥 공시 대성파인텍  라이트론  디바이스이엔지,0
거래소 대성파인텍 불성실공시법인 지정예고,-1
거래소 대성파인텍 불성실공시법인 지정 예고,-1
대성파인텍 10 이상 상승 전일 외국인 대량 순매수,1
fnRASSI대성파인텍 528 오르며 거래량 증가,0
제목,0
대주산업 “주가급등 관련 중요 공시사항 없어”,1
거래소 대주산업에 주가급등 관련 조회공시 요구,1
대주산업 외국인 9000주 순매수 주가 079,1
대주산업 15 이상 상승 전일 외국인 대량 순매수,1
특징주 대주산업 새만금 신공항 추진 기대감관련 지역 토지 보유 부각↑,1
대주산업 10 이상 상승 전일 외국인 대량 순매수,1
대주산업 사료 테마 상승세에 746 ↑,1
대주산업 사료 테마 상승세에 706 ↑,1
대주산업 사료 테마 상승세에 714 ↑,1
fnRASSI대주산업003310 현재 1491,0
대주산업 정석원 대표이사 체제로 변경,0
코스닥 기업공시 20일 대주산업 등,0
대주산업 보통주 1주당 30원 현금배당,0
코스닥 공시 헬릭스미스  대주산업  에이에프더블류,0
대주산업 대표이사 변경,0
대주산업 공장 증설했지만 올해 영업익 되레 38 줄듯,0
대주산업 임시주총 결과 정석원 사내이사 선임,0
대주산업 10 이상 상승 전일 외국인 대량 순매수,1
fnRASSI대주산업003310 현재 1596 ↑,0
대주산업 10 이상 상승 전일 외국인 대량 순매수,1
제목,0
대창솔루션 캐나다에 원전 핵폐기물 용기 360억 원 공급 계약,1
대창솔루션 357억 규모 핵폐기물 컨테이너 공급계약,1
대창솔루션 국내 가스터빈 산업 활성화 사업 참여,0
fnRASSI대창솔루션 499 내리며 거래량 증가,0
대창솔루션 검색 상위 랭킹 주가 138,0
대창솔루션 217 VI 발동,0
대창솔루션 10 이상 상승 단기·중기 이평선 정배열로 상승세,1
fnRASSI장마감 코스닥 상승 종목대창솔루션 300 ↑,1
fnRASSI대창솔루션096350 현재 2692,0
대창솔루션 조선기자재 테마 상승세에 2359 ↑,1
대창솔루션 20 이상 상승 단기·중기 이평선 정배열로 상승세,1
특징주대창솔루션 카타르 LNG선 발주 수혜 기대 급등,1
대창솔루션 LNG액화천연가스 테마 상승세에 868 ↑,1
fnRASSI대창솔루션 상한가 기록,1
대창솔루션 상한가↑ 도달 전일 외국인 대량 순매수,1
대창솔루션 10 이상 상승 주가 상승 중 단기간 골든크로스 형성,1
공시대창솔루션 지난해 영업이익 흑자전환,1
fnRASSI대창솔루션096350 현재 1071 ↑,0
잠정실적대창솔루션 작년 4Q 영업이익 78억원 전년동기比 큰 폭 증가 연결,1
대창솔루션 10 이상 상승 주가 상승 중 단기간 골든크로스 형성,1
제목,0
코스닥 공시 대한그린파워  대창스틸  코센,0
대한그린파워 불성실공시법인으로 지정 예고,-1
대한그린파워 영광 두우리 해상풍력단지 개발 참여,0
대한그린파워 최대주주 추가 투자로 300억원 규모 자금 확보,0
대한그린파워 재원에너지 주식 30억원 취득,0
대한그린파워 모회사 대한그린에너지 1000억원 투자 유치,0
대한그린파워 100억원 규모 제3자배정 유상증자 결정,0
대한그린파워 오는 11월 4일 임시주총 소집,0
대한그린파워 대한발전기술과의 합병 종료 29일 공시,0
대한그린파워 본점 전남 영광’으로 이전 “추후 업무 효율성 높이기 위함”,0
대한그린파워 연이은 풍력발전사업 투자 진행,0
대한그린에너지 대한그린파워에 대금 납입 완료 “풍력발전 사업에 박차 가할 것”,1
 코스닥 기업공시 27일 대한그린파워 등,0
대한그린파워 400MW 규모 여수삼산해상풍력 프로젝트에 10억 출자 완료,0
케이알피앤이 김동현 사외이사 중도 퇴임,0
케이알피앤이 박근식 대표이사 선임,0
케이알피앤이 대한그린에너지 자회사 대한발전기술 흡수 합병,0
케이알피앤이 대한그린파워로 상호 변경,0
케이알피앤이 대한발전기술 흡수합병,0
케이알피앤이 170억 규모 유지보수 계약 체결,1
제목,0
특징주 영흥 대호피앤씨 인수 소식에 동반 급등,1
대호피앤씨 330억원 규모 최대주주 변경 주식양수도 계약,1
영흥 대호피앤씨 지분 41 330억원에 양수,0
fnRASSI대호피앤씨 35 오르며 거래량 증가,0
fnRASSI대호피앤씨 428 오르며 거래량 증가,0
대호피앤씨 10 이상 상승 전일 외국인 대량 순매수,1
잠정실적대호피앤씨 작년 4Q 매출액 482억90 영업이익 174억110 개별,1
대호피앤씨 작년 영업이익 26 감소,1
제목,0
fnRASSI대호피앤씨우021045 현재 1809 ↑,0
fnRASSI대호피앤씨우021045 현재 1152 ↑,0
대호피앤씨우 929 VI 발동,0
제목,0
데일리블록체인 20억 규모 CB 소각 결정 주주가치 제고,0
美 IT기업 PSI인터내셔널 데일리블록체인·케어랩스·FSN 인수,0
특징주데일리블록체인 등 3사 美 기업 피인수에 급등,1
데일리블록체인 “최대주주 변경 등 관련 공시할 중요 사항 없어,0
단독 데일리블록체인 자회사 아이지스 상장 추진프리IPO 나섰다,1
데일리블록체인 30억원 규모 CB 만기 전 취득,0
데일리블록체인 19억 규모 제3자 배정 유상증자 결정,0
특징주 데일리블록체인 한국판 뉴딜 내년 예산안 20兆 반영 소식에 강세,1
데일리블록체인 2분기 영업이익 17억원흑자전환,1
특징주데일리블록체인 AI 기반 CCTV 개발 소식에 강세,1
데일리블록체인 “추가자금 확보 가능성 확정된 사항 없어”,0
데일리블록체인 MA 도중 케어랩스 주담대 차환 협상은 결렬,-1
데일리블록체인 경기 화성시 외곽 버스안내 단말기 공급,0
데일리블록체인 “케어랩스 매각 무산” 답변공시,0
데일리블록체인 불성실공시법인 지정26일 매매거래 중지,-1
데일리블록체인 제주 전기차 충전 인프라 공유 플랫폼 구축 실증 사업 돌입,0
특징주 옐로모바일그룹 계열사 데일리블록체인·FSN MA 매각 추진↑,0
인터뷰 조영중 데일리블록체인 대표 “한국형 뉴딜 타고 실적 퀀텀점프 이룰 것”,0
데일리블록체인 제주 스마트시티 예비사업 주관사 선정,1
데일리블록체인 449 상승폭 확대,1
제목,0
디젠스 “시황 변동 중요 정보 없어” 답변 공시,0
거래소 디젠스에 현저한 시황변동 관련 조회공시 요구,0
fnRASSI디젠스 전일대비 876 상승,1
fnRASSI디젠스 거래량 확대되며 3거래일 연속 하락,-1
디젠스 18일 임시주총 장소 본사 대회의실로 변경,0
잠정실적디젠스 작년 4Q 매출액 247억37 영업이익 72억흑자전환 연결,1
fnRASSI디젠스 전일대비 1959 상승,1
제목,0
특징주라닉스 자율주행 핵심기술 국내 유일 개발V2X 장착 차량 5년 만에 10배,0
라닉스 IoT 보안칩 KCMVP 인증 획득,0
라닉스 IoT 보안칩 KCMVP 인증 획득,0
라닉스 사물인터넷IoT 보안칩 KCMVP 인증 획득,0
fnRASSI라닉스 517 오르며 거래량 증가,0
라닉스 15 이상 상승 주가 5일 이평선 상회 단기·중기 이평선 역배열,1
라닉스 10 이상 상승 주가 상승세 단기 이평선 역배열 구간,1
라닉스 현저한 시황변동 관련 공시할 중요 정보 없다,0
거래소 라닉스 조회공시 요구,0
라닉스 10 이상 상승 주가 반등으로 5일 이평선 넘어섬 단기 이평선 역배열 구간,1
라닉스 156억원 규모 유형자산 양수 결정,0
라닉스 15 이상 상승 주가 상승세 단기 이평선 역배열 구간,1
라닉스 10 이상 상승 전일 외국인 대량 순매수,1
06일 기관 코스닥에서 에이치엘비203 라닉스2258 등 순매도,-1
라닉스 상한가↑ 도달 성장과 불확실성 그 사이,1
특징주라닉스 7월부터자율주행 레벨3 판매국내 유일 V2X 통합솔루션,0
라닉스 10 이상 상승 주가 20일 이평선 상회 단기·중기 이평선 역배열,1
라닉스 10 이상 상승 주가 상승세 단기 이평선 역배열 구간,1
fnRASSI라닉스317120 837 상승,1
제목,0
러셀로보틱스 20억원 규모 상환전환우선주 투자유치,1
러셀 자회사 러셀로보틱스 20억원 규모 투자유치,1
러셀 독일 지멘스와 스마트팩토리 업무협약 체결,0
러셀 2Q 영업익 14억원전년比 28↓,0
fnRASSI러셀217500 20 상승,1
러셀 10 이상 상승 단기·중기 이평선 정배열로 상승세,1
러셀 10 이상 상승 단기·중기 이평선 정배열로 상승세,1
코스닥 기업공시 9일 러셀 등,0
러셀 60억원 규모 반도체장비이설 공급계약,1
러셀 60억원 규모 반도체 장비 이설 공급계약,1
러셀 수주공시  반도체장비이설 601억원 매출액대비 1922,0
러셀 수주공시  반도체장비이설 223억원 매출액대비 714,0
제목,0
로스웰 사모 전환사채 납입 완료글로벌 애프터마켓 진출 본격 시동,0
로스웰 149억원 규모 전환사채 납입 완료글로벌 애프터마켓 진출 본격 시동,0
로스웰 검색 상위 랭킹 주가 00,0
로스웰 149억 규모 전환사채 발행 결정,0
로스웰 148억원 규모 전환사채 발행 결정,0
로스웰 149억원 규모 전환사채 발행결정,0
로스웰 148억 규모 사모 CB 발행 결정,0
로스웰 149억원 규모 전환사채 발행 결정,0
fnRASSI로스웰900260 전일대비 2377 상승,1
fnRASSI로스웰900260 전일대비 2966 상승,1
로스웰 상하이선롱 대상 스마트 전장시스템 납품 완료,0
로스웰 10 이상 상승 전일 외국인 대량 순매수,1
로스웰 178억원 규모 스마트 전장시스템 공급계약,1
로스웰 中 상용버스업체 상하이션롱과 전장부품 공급계약,1
로스웰 자회사 178억 스마트 전장시스템 공급계약 체결,1
로스웰 177억원 규모 스마트 전장시스템 공급계약 체결,1
공시로스웰 300억원 규모 신에너지 자율주행 및 IoV 전장시스템 32종 연내 납품 확정,0
로스웰 10 이상 상승 주가 5일 이평선 상회 단기·중기 이평선 역배열,1
로스웰 10 이상 상승 최근 3일간 외국인 대량 순매수,1
제목,0
로지시스 외국인 8000주 순매도 주가 767,-1
특징주디지털 화폐 도입 이슈에로지시스 강세,1
fnRASSI로지시스 전일대비 866 상승,1
로지시스 검색 상위 랭킹 주가 379,0
fnRASSI로지시스067730 159 상승,1
fnRASSI로지시스067730 현재 2141 ↑,0
로지시스 수주공시  2020년 각급법원 정보시스템 운영 및 유지보수 사업 474억원 매출액대비 1184,0
잠정실적로지시스 3년 중 최고 영업이익 기록 매출액은 직전 대비 21↑ 개별,1
fnRASSI로지시스067730 52주 신고가533 ↑,1
제목,0
루미마이크로 상호명 비보존 헬스케어로 변경,0
루미마이크로 한재관·오동훈 각자대표 변경,0
주식 초고수는 지금 매수 1위는 루미마이크로LG전자 씨젠 등도 관심,1
특징주루미마이크로 제약사 인수 결정에 급등,1
기업공시 9월 23일루미마이크로 이니스트바이오제약 주식 609억 양수 결정 등,0
루미마이크로 609억원 규모 타법인 주식 양수 결정,0
비보존 계열사 루미마이크로 이니스트바이오제약 인수,0
비보존 루미마이크로에 오피란제린 임상 독점 실시권 이전계약,1
루미마이크로 100억원 CB 전환가액 1796원으로 조정,0
루미마이크로 스피어테크 인수로 화장품 신사업 전개 비보존과 시너지,0
루미마이크로 10 이상 상승 단기·중기 이평선 정배열로 상승세,1
루미마이크로 비보존 주식 500억원에 취득,0
비보존 루미마이크로와 제약·바이오 사업 본격화,1
루미마이크로 10 이상 상승 전일 외국인 대량 순매수,1
fnRASSI루미마이크로 전일대비 822 상승,1
루미마이크로 10 이상 상승 단기·중기 이평선 정배열로 상승세,1
이두현 비보존 대표 루미마이크로 최대주주 올라우회상장 수순 밟나,1
루미마이크로 10 이상 상승 전일 외국인 대량 순매수,1
루미마이크로 10 이상 상승 주가 상승 중 단기간 골든크로스 형성,1
루미마이크로 10 이상 상승 전일 외국인 대량 순매수,1
제목,0
마켓인사이트리더스기술투자 전환사채로 운영자금 마련유동성 위험 우려 지적도,-1
리더스기술투자 제이웨이 최대주주 의결권행사금지가처분신청 인용,0
제이웨이 리더스기술투자 의결권행사금지가처분 신청 기각,-1
리더스기술투자 ”에이스바이오메드 코로나19 진단키트 멕시코 InDRE 인증 획득”,0
효성 효성캐피탈 지분매각 우선협상자로 에스티리더스PE 선정,1
리더스 기술투자 쌍방울 대상 50억원 규모 CB 발행,0
특징주리더스 기술투자 급등세코로나19 항체진단키트 수출허가 획득,1
리더스기술투자 ”에이스바이오메드 코로나19 항체신속진단키트 식약처 수출허가 승인”,1
리더스 기술투자 30억원 규모 CB 전환가액 조정,0
리더스기술투자 1분기 영업이익 62억전년 동기비 흑자 전환,1
리더스기술투자 제이웨이에 적극적 경영 참여,0
리더스기술투자 제이웨이 경영참여 선언경영정상화 시동,0
리더스 트레이딩 다트 전자정보시스템 공시매매전략 오픈,0
리더스기술투자 에이스바이오메드 코로나 진단키트 식약처 수출 허가,0
리더스기술투자 에이스바이오메드 13마일과 항바이러스 마스크 공급계약,1
리더스기술투자 투자사인 에이스바이오메드 마스크 제조기업 인수,0
글로벌 공랭식 열교환기업체 KHE 유일기술투자에 매각돼 경영 정상화 시동,0
특징주 아이에이네트웍스 정부 양자컴퓨터 기술 투자 소식에↑,0
fnRASSI리더스 기술투자 거래량 확대되며 3거래일 연속 하락,-1
리더스기술투자 작년 영업손실 109억적자폭 확대,-1
제목,0
매직마이크로 직무집행정지 가처분 소송 취하,-1
매직마이크로 불성실공시법인으로 지정 예고,-1
특징주 파산신청 기각 매직마이크로 거래재개 후 급등,1
매직마이크로 채권자 석일태양광이 파산신청 제기,-1
매직마이크로 사외이사 박석근 선임,0
매직마이크로 김현성씨 등 3인 사내이사 선임,0
매직마이크로 박병희·황경태 사외이사 중도퇴임,0
매직마이크로 338억 규모 美클라우드업체 투자 철회,0
매직마이크로 120억원 규모 유상증자 결정,0
매직마이크로 전환사채 교부 청구 관련 피소,0
매직마이크로 파산신청,-1
매직마이크로 대표이사 횡령·배임설 아직 파악 못해,-1
거래소 매직마이크로에 채권자 파산신청설 관련 조회공시 요구,-1
테라사이언스 매직마이크로 CB 양도결정 철회,0
매직마이크로 6억원 전환사채 주식전환,0
매직마이크로 경영권분쟁 피소건 기각,-1
테라사이언스 매직마이크로 CB 6억원 장외 매도,0
매직마이크로 최대주주 변경 수반 주식양수도 계약 해제,1
단독옵티머스 지코·매직마이크로 등 부실 상장사에 투자,1
fnRASSI매직마이크로 당일 거래량 증가하며 7거래일 하락세 지속,-1
제목,0
파미셀·맥스로텍 등 렘데시비르 관련주 급등,1
맥스로텍 성운파마 코로나 999 사멸 빨간약 공장 印尼에 세운다,0
특징주 맥스로텍 불성실공시법인 지정 소식에 약세,-1
거래소 맥스로텍을 불성실 공시법인으로 지정,0
맥스로텍 성운파마코리아 코로나19 API 사업 확장,0
코스닥 기업공시 7일 맥스로텍 등,0
맥스로텍 성운파마코피아 지분 17 42억원에 취득,0
맥스로텍 50억 규모 사모 CB 발행 결정,0
특징주 맥스로텍 렘데시비르 원료의약품 국내최초 개발성공 상용화 기술이전 ↑,1
맥스로텍 바이오사업 신규 진출성운파마코피아 경영권 인수,0
마켓인사이트맥스로텍 사모 회사채 시장서 자금 조달신규 사업 진출 위한 지분 투자 목적,0
맥스로텍 43억원 규모 산업용로봇 자동화 시스템 공급 계약,1
맥스로텍 오는 11월5일 임시주총주주명부폐쇄 예정,0
맥스로텍 비클시스템 최대주주 변경 수반 주식담보제공 계약 체결,1
맥스로텍 200억규모 전환사채 발행결정 철회,0
맥스로텍 3D 프린터 테마 상승세에 62 ↑,1
맥스로텍  디자인기반구축사업 통해 경쟁력 확보,0
맥스로텍 비클시스템 최대주주 변경 수반 주식담보제공 계약 체결,1
신제품신기술맥스로텍 산업용 금속 3D프린터 DABO’ 3종 개발,0
맥스로텍 산업용 금속 3D프린터 DABO 3종 출시,0
제목,0
마켓인사이트BMW에 납품하는 모바일어플라이언스 자율주행 기술 개발 위해 모빌테크에 10억원 투자,0
모바일어플라이언스 모빌테크 지분 취득,0
모바일어플라이언스 모빌테크 주식 476 취득,0
모바일어플라이언스 獨BMW 레이다 영상기록 장치 43억 공급 계약,1
모바일어플라이언스 10 이상 상승 단기·중기 이평선 정배열로 상승세,1
fnRASSI모바일어플라이언스 797 오르며 거래량 증가,0
모바일어플라이언스 10 이상 상승 단기·중기 이평선 정배열로 상승세,1
모바일어플라이언스 10 이상 상승 주가 상승 중 단기간 골든크로스 형성,1
모바일어플라이언스 10 이상 상승 주가 상승 흐름 단기 이평선 정배열 중기 이평선 역배열,1
모바일어플라이언스 10 이상 상승 주가 상승 흐름 단기 이평선 정배열 중기 이평선 역배열,1
fnRASSI모바일어플라이언스087260 현재 2168,0
모바일어플라이언스 10 이상 상승 전일 외국인 대량 순매수,1
모바일어플라이언스 10 이상 상승 주가 반등 시도 단기·중기 이평선 역배열,1
모바일어플라이언스 영업손실 7억원적자 전환,-1
fnRASSI진매트릭스 모바일어플라이언스 등 8종목 52주 신고가 경신,1
모바일어플라이언스 상한가↑ 도달 주가 5일 이평선 상회 단기·중기 이평선 역배열,1
fnRASSI모바일어플라이언스087260 52주 신고가 경신2548 ↑,1
모바일어플라이언스 10 이상 상승 주가 5일 이평선 상회 단기·중기 이평선 역배열,1
fnRASSI모바일어플라이언스087260 현재 889 ↑,0
모바일어플라이언스 10 이상 상승 주가 반등 시도 단기 이평선 역배열 구간,1
제목,0
모베이스전자 대주주 일부지분 직원 매각 추진 철회,0
내 주식 사라모베이스전자 최대주주 직원에 압박,0
모베이스전자 불성실공시법인 지정,-1
fnRASSI모베이스전자012860 현재 875 ↑,0
모베이스전자 10 이상 상승 단기·중기 이평선 정배열로 상승세,1
서연 상한가↑ 도달 단기·중기 이평선 정배열로 상승세,1
모베이스전자 10 이상 상승 전일 외국인 대량 순매수,1
거래소 모베이스전자 불성실공시법인 지정예고,-1
모베이스전자 코로나19에 회사분할 결정 철회,0
모베이스전자 10 이상 상승 단기·중기 이평선 정배열로 상승세,1
모베이스전자 10 이상 상승 단기·중기 이평선 정배열로 상승세,1
모베이스전자 10 이상 상승 전일 외국인 대량 순매수,1
모베이스전자 SK이노베이션과 118억 ESS용 BMS 공급계약 체결,1
모베이스전자 10 이상 상승 주가 상승 중 단기간 골든크로스 형성,1
fnRASSI모베이스전자012860 현재 2028 ↑,0
모베이스전자 상한가↑ 도달 주가 60일 이평선 상회 단기·중기 이평선 역배열,1
모베이스전자 10 이상 상승 주가 20일 이평선 상회 단기·중기 이평선 역배열,1
fnRASSI모베이스전자 상한가 기록,1
모베이스전자 10 이상 상승 20193Q 매출액 1809억108 영업이익 12억흑자전환,1
모베이스전자 10 이상 상승 단기·중기 이평선 정배열로 상승세,1
제목,0
특징주모트렉스 아이노즈 흡수 합병 추진 강세’,1
마켓인사이트자동차 부품 생산 업체 모트렉스 연구개발 위해 사모사채 잇단 발행,0
모트렉스 HLDS와 MOU 체결공기청정기 사업 강화,0
모트렉스·아이콘에이아이 아마존 알렉사 기반 AVN 개발 나서,0
모트렉스 10 이상 상승 전일 외국인 대량 순매수,1
특징주모트렉스 中AI·5G에 1700조 투자알리바바와 자율주행 진출 부각 강세’,1
모트렉스 차세대 AVNT 제품 출시글로벌 시장 공략,0
모트렉스 차량용 공기청정기 수요 증가,0
fnRASSI모트렉스118990 현재 1622 ↑,0
모트렉스 10 이상 상승 단기·중기 이평선 정배열로 상승세,1
모트렉스 10 이상 상승 단기·중기 이평선 정배열로 상승세,1
모트렉스 10 이상 상승 주가 반등으로 5일 이평선 넘어섬 단기 이평선 역배열 구간,1
모트렉스 10 이상 상승 상승 추세 후 큰 조정 단기·중기 이평선 정배열,1
모트렉스 10 이상 상승 단기·중기 이평선 정배열로 상승세,1
fnRASSI모트렉스 상한가 기록,1
모트렉스 상한가↑ 도달 단기·중기 이평선 정배열로 상승세,1
모트렉스 10 이상 상승 단기·중기 이평선 정배열로 상승세,1
모트렉스 10 이상 상승 단기·중기 이평선 정배열로 상승세,1
모트렉스 현저한 시황 변동 관련 공시할 중요 정보 없다,0
fnRASSI모트렉스118990 1607 상승,1
제목,0
미코세라믹스 2167억원 규모 유상증자 결정,0
미코 30억원 규모 자사주취득 신탁계약 체결 결정,1
미코의 SOFC 사업부 물적분할 결정호재일까 악재일까,0
미코 SOFC 사업부문 물적 분할미코파워 출범,0
미코 3Q 영업익 143억전년比 39↑,0
미코 2분기 영업익 111억전년비 57↑,0
주식 초고수는 지금 주식 초고수 씨젠·삼성전자 선택···미코’도 매수 상위,0
미코 검색 상위 랭킹 주가 043,0
미코 수소차 테마 상승세에 502 ↑,1
미코 검색 상위 랭킹 주가 04,0
미코 검색 상위 랭킹 주가 146,0
코넥스 114개 종목 거래거래대금 1위 미코아이메드,0
미코 검색 상위 랭킹 주가 209,0
미코 20억 규모 자사주 취득 신탁계약 체결,1
미코 검색 상위 랭킹 주가 529,0
fnRASSI미코 전일대비 915 상승,1
미코 코로나19진단치료제백신 개발 등 테마 상승세에 706 ↑,1
특징주 그린뉴딜 발전솔루션으로 SOFC 주목미코·경동나비엔 강세,1
미코 10 이상 상승 주가 20일 이평선 상회 단기·중기 이평선 역배열,1
미코 검색 상위 랭킹 주가 335,0
제목,0
주간HOT종목박셀바이오 간암치료제 임상 기대주가 급등↑,1
코스닥 주간 기관 순매도 1위 박셀바이오’,-1
특징주박셀바이오 간암치료제 임상 기대감에 강세신고가 경신,1
특징주박셀바이오 간암치료제성공 기대감에 강세,1
박셀바이오 세계 최초 반려견 대상 항암면역치료제 개발관련 시장 본격 공략,1
박셀바이오 반려견 향암제 박스루킨15 품목허가 접수,0
새내기 다시보기③박셀바이오 항암면역치료 플랫폼,0
박셀바이오 와이바이로로직스와 차세대 면역치료제 개발,0
공모주 줄줄이 와르르핌스·비비씨·박셀바이오 30안팎 마이너스,0
박셀바이오 상장 이틀째 반등공모가는 하회,1
특징주박셀바이오 상장 첫날 17↓ 공모가 밑돌아,1
특징주 박셀바이오 코스닥 입성일에 20 하락,-1
코스닥 메모 22일 신규상장박셀바이오323990 등,1
박셀바이오 미국 텍사스주립대 교수 출신 김미화 연구소장 영입,0
증시캘린더이번주9월 4주 비비씨·박셀바이오·비나텍·원방테크 상장 등,1
코스닥 메모 11일 공모주청약박셀바이오하나,0
마켓인박셀바이오 공모가 3만원 결정희망밴드 하단,0
시그널 대량 대기매물에 발목 잡힌 박셀바이오···수요예측 94대1로 부진,0
마켓인사이트박셀바이오 수요예측 경쟁률 94 대 1공모가 3만원,0
박셀바이오 면역항암제 기술수출 추진,0
제목,0
마켓인사이트버킷스튜디오 신규 사업 투자 위해 사모 회사채 시장서 자금 조달,0
버킷스튜디오 최대주주 이원컴포텍으로 변경,0
이원컴포텍이 지분 인수한 버킷스튜디오 바이오사업 진출,0
공시 이원컴포텍 버킷스튜디오·비덴트·비티원 경영권 확보,0
버킷스튜디오 10 이상 상승 주가 상승세 단기 이평선 역배열 구간,1
버킷스튜디오 n번방 방지법 여야 처리 합의에 10 급등,1
버킷스튜디오 15 이상 상승 전일 외국인 대량 순매수,1
버킷스튜디오 10 이상 상승 최근 3일간 외국인 대량 순매수,1
버킷스튜디오 10 이상 상승 전일 외국인 대량 순매수,1
버킷스튜디오 10 이상 상승 주가 5일 이평선 상회 단기·중기 이평선 역배열,1
버킷스튜디오 15 이상 상승 전일 외국인 대량 순매수,1
잠정실적버킷스튜디오 작년 4Q 매출액 428억21 영업이익 17억적자지속 개별,1
코스닥 공시 버킷스튜디오  에스모머티리얼즈,0
버킷스튜디오 87억원 규모 타법인 주식 양도 결정,0
버킷스튜디오 10 이상 상승 주가 상승세 단기 이평선 역배열 구간,1
비티원 최대주주 버킷스튜디오 지분 871→2252,0
비티원 최대주주 버킷스튜디오 지분 871→2252,0
비티원 최대주주 버킷스튜디오로 변경,0
비티원 최대주주 비티씨홀딩컴퍼니서 버킷스튜디오로 변경,0
비티원 최대주주 비티씨홀딩컴퍼니→버킷스튜디오,0
제목,0
비덴트 대표이사 김영만으로 변경,0
비덴트 10 이상 상승 주가 상승세 단기 이평선 역배열 구간,1
김재욱 비덴트 대표 경영권 매각빗썸 분쟁 종식,0
공시 이원컴포텍 버킷스튜디오·비덴트·비티원 경영권 확보,0
아이오케이 비덴트 CB 투자로 시총 20 수준 이익 올린다 관심↑,1
빗썸 비덴트 경영설은 사실무근최대주주 지분 65,0
fnRASSI비덴트121800 현재 1177 ↑,0
비덴트 10 이상 상승 주가 상승 중 단기간 골든크로스 형성,1
비덴트 10 이상 상승 주가 상승 흐름 단기 이평선 정배열 중기 이평선 역배열,1
비덴트 상한가↑ 도달 주가 5일 이평선 상회 단기·중기 이평선 역배열,1
비덴트 10 이상 상승 전일 외국인 대량 순매수,1
특징주비덴트 외인·기관 매도세에 10대 급락,-1
코스닥 기업공시 13일 비덴트 등,0
비덴트 빗썸 주식 양수 매매대금 관련 부당이득반환청구소 취하,0
비덴트 가상화폐 거래소 빗썸 803억원 과세 소식에 하락,-1
비덴트 빗썸홀딩스 이정훈씨에 부당이득반환 소송 제기,-1
아이오케이 비덴트 빗썸홀딩스 최대주주 등극경영권 확보,0
비덴트 10 이상 상승 단기·중기 이평선 정배열로 상승세,1
코스닥 기업공시 15일 비덴트 등,0
비덴트 10 이상 상승 전일 종가 기준 PER 59배 PBR 15배 저PER,1
제목,0
비디아이 최대주주 상대로 유상증자 결정,0
비디아이 엘리슨 인수일자 확정내달 15일 마무리,0
비디아이 CB·BW 납입 연기美 엘리슨 인수 차질없어,0
비디아이 대표이사 등 직무집행정지 가처분 신청 인용 결정,0
비디아이 삼천포발전소 계약해지 통보에 “합의 진행중”,1
비디아이 최대주주 안승만씨 경영지배인 선임 “경영권 분쟁 종결”,0
비디아이 감사 대표이사·사외이사 이사지위부존재 확인 소송,-1
비디아이 감사 대표이사 등에 직무집행정지 가처분 소송,-1
특징주비디아이 신약 개발 청사진 발표 하루 뒤 하락세,-1
비디아이 美 엘리슨과 항암 신약 개발 “FDA 임상 3상 속도”,0
비디아이 검색 상위 랭킹 주가 426,0
비디아이 검색 상위 랭킹 주가 1505,0
비디아이 15 이상 상승 주가 반등 시도 단기 이평선 역배열 구간,1
특징주비디아이 美 엘리슨 계약금 납입2일 연속 급등,1
특징주 비디아이 美 엘리슨 인수 본격 돌입 소식에 상한가,1
비디아이 상한가↑ 도달 주가 반등 시도 단기 이평선 역배열 구간,1
비디아이 10 이상 상승 주가 반등 시도 단기·중기 이평선 역배열,1
fnRASSI장마감 코스닥 하락 종목비디아이 142 ↓,-1
비디아이 안승만 회장 등으로 최대주주 변경,0
fnRASSI장마감 코스닥 하락 종목비디아이 213 ↓,-1
제목,0
삼본전자 최대주주 120억원 유증 납입 재무구조 개선경영안정,1
삼본전자 미호 천년의 사랑 4대 모바일 마켓 오픈,0
특징주삼본전자 하루엔터테인먼트 인수 소식에 급등세,1
fn마켓워치 삼본전자 온라인 게임사 하루엔터테인먼트 인수,0
마켓인사이트음향 업체 삼본전자 온라인 게임 업체 하루엔터테인먼트 전격 인수,0
삼본전자 신작 모바일게임 야신’ 국내 퍼블리싱 계약,1
삼본전자 40억 전환사채 발행,0
fnRASSI삼본전자111870 1012 상승,1
삼본전자 10 이상 상승 전일 외국인 대량 순매수,1
fnRASSI삼본전자 1331 오르며 거래량 증가,0
삼본전자 50억 규모 유상증자 결정,0
삼본전자 최대주주 대상 50억 규모 유상증자 결정,0
삼본전자 10 이상 상승 주가 반등 시도 단기·중기 이평선 역배열,1
삼본전자 필룩스 200만주 대여 결정,0
삼본전자 에프앤에이치조합 주식 393억에 취득,0
공시삼본전자 에프앤에이치조합 주식 393억에 취득,0
삼본전자 에프앤에이치조합 주식 393억원에 취득,0
리더스 기술투자 41억원 규모 삼본전자 CB 양수 결정,0
삼본전자 10 이상 상승 단기·중기 이평선 정배열로 상승세,1
삼본전자 10 이상 상승 주가 상승세 단기 이평선 역배열 구간,1
제목,0
삼진엘앤디 LCD BLU제조 테마 상승세에 555 ↑,1
삼진엘앤디 주가 2845원 전일대비 053,0
삼진엘앤디 LCD BLU제조 테마 상승세에 1359 ↑,1
삼진엘앤디 10 이상 상승 전일 외국인 대량 순매수,1
삼진엘앤디 10 이상 상승 전일 외국인 대량 순매수,1
삼진엘앤디 10 이상 상승 주가 상승세 단기 이평선 역배열 구간,1
삼진엘앤디 LCD BLU제조 테마 상승세에 545 ↑,1
삼진엘앤디 10 이상 상승 단기·중기 이평선 정배열로 상승세,1
삼진엘앤디 LCD BLU제조 테마 상승세에 874 ↑,1
삼진엘앤디 2차전지 테마 상승세에 538 ↑,1
삼진엘앤디 검색 상위 랭킹 주가 081,0
삼진엘앤디 커뮤니티 활발 주가 1083,0
삼진엘앤디 52주 신고가 경신 단기·중기 이평선 정배열로 상승세,1
fnRASSI장마감 코스닥 상승 종목삼진엘앤디 300 ↑,1
삼진엘앤디 상한가↑ 도달 주가 상승 중 단기간 골든크로스 형성,1
삼진엘앤디 10 이상 상승 주가 상승 중 단기간 골든크로스 형성,1
fnRASSI삼진엘앤디 541 오르며 거래량 증가,0
삼진엘앤디 자사주 50만주 취득 결정,0
삼진엘앤디 자사주 60만주 취득 결정,0
삼진엘앤디 지난해 영업익 37억원전년비 509↓,0
제목,0
두산인프라 협력사 EHS 컨설팅 지원서연탑메탈과 협약,0
서연탑메탈 멕시코 종속회사 영업정지 결정,-1
서연탑메탈 서연탑메탈멕시코 영업정지 결정,-1
잠정실적서연탑메탈 작년 4Q 매출액 406억393 영업이익 64억83 연결,1
fnRASSI서연탑메탈019770 1467 상승,1
제목,0
세미콘라이트 적극적인 특허 대응 나선다 실버프리플립칩 원천기술 부각,0
세미콘라이트 악의적 고소로 기업이미지 훼손 법적대응,-1
세미콘라이트 UVCLED 마스크 美 FDA 승인 진행 9999 살균,1
세미콘라이트 고효율 UVC LED 본격 양산 코로나로 수요↑,0
세미콘라이트 현저한 시황 변동 관련 중요 공시사항 없다,0
코로나 살균 세미콘라이트 삼성전자 UV LED 전가전 확대 적용에 강세,1
세미콘라이트 20억 규모 제3자배정 유상증자 결정,0
세미콘라이트 내달20일 용인 리더스타워서 임시주총 개최,0
이번주 증시 캘린더코디엠·세미콘라이트 일반공모유상청약청호컴넷 등 상호 변경,0
세미콘라이트 에이에스피컴퍼니가 이사 직무집행정지 가처분 신청,0
세미콘라이트 손성진 대표 취임 UVLED 연구개발 및 영업 강화,0
세미콘라이트 박일홍·손성진 각자 대표이사 체제로 변경,0
세미콘라이트 자외선 기술력으로 코로나 살균 시장 공략,0
세미콘라이트 상반기 순이익 78억원 UVC LED 매출 급증 효과도,1
세미콘라이트 전문 경영인 체제 구축 UVC 확대해 흑자전환 달성,1
세미콘라이트 화이브라더스코리아 375만주 취득,0
거래소 공시번복’ 세미콘라이트 24일 거래정지,-1
세미콘라이트 증도상환 요청에 10억원 CB 만기전 취득,0
세미콘라이트 250억에 화이브라더스코리아 인수지분 216,0
세미콘라이트 60억규모 5회 CB전환가액 797원으로 조정,0
제목,0
미세먼지에 수소까지센코 수소차·친환경 수혜주에요,1
센코 20일부터 청약 개시29일 코스닥 입성,0
마켓인센코 공모가 1만3000원희망밴드 최상단,0
시그널 센코 IPO 수요예측 흥행···공모가 1만3000원,1
마켓인사이트하승철 센코 대표 “가스 센서 사업 본격 성장수소 경제 활성화에도 수혜”,1
IPO출사표센코 전기화학식 가스센서 부문 글로벌 리더 될 것,1
주목e기업센코 “센서 토탈 솔루션 기업 발돋움글로벌 경쟁할 것”,0
마켓인센코 증권신고서 제출소부장 패스트트랙으로 코스닥 상장,1
제목,0
특징주소리바다 서울지법 서증조사경영권 분쟁 조정 전망에 上’,0
경영권 분쟁에 멍드는 소리바다“내홍 언제까지,0
소리바다 한동영 사외이사 외 6인 신규선임,0
중부코퍼레이션 소리바다 주주간담회 개최현 경영진 퇴진 동참 호소,-1
소리바다 주주명부 열람등사 가처분 피소,0
소리바다 20일 표대결 차입으로 경영권 탈취 VS 영업부진,0
소리바다 최대주주 중부코퍼레이션 14일 주주간담회 개최,0
중부코퍼 “상세 주주명부 안 줘” vs 소리바다 “허위사실 유포”,0
소리바다 10월 20일 임시주주총회 소집최대주주vs이사회 표대결,0
소리바다 앱 서비스 3년만에 전면 개편신규 패션사업 호조,0
김호중 효과 소리바다 패션브랜드 세인트 마린’ 인기 몰이,0
소리바다 “전·현직 임직원 피고발 보도 법적 대응”,-1
소리바다 “중부코퍼 허위사실로 주주 혼란시켜”,-1
 공시 소리바다 주주명부열사 가처분 소송 일부 인용,-1
소리바다 미스터트롯’ 김호중과 패션 브랜드 세인트 마린 런칭,1
소리바다 미스터트롯’ 김호중과 패션 브랜드 세인트 마린 론칭,0
소리바다 스테어 태권트롯’ 나태주 모델로 기획프로젝트 진행,0
소리바다 주주총회소집허가 소송 제기,-1
소리바다 오는 10월 13일 임시주주총회 소집 결의,0
트롯 대세’ 둘째이모 김다비·김수찬 2020 소리바다 어워즈’ 뜬다,0
제목,0
시스웍 114억원 규모 신규 시설투자 결정,0
시스웍 주당 2주 배정 무상증자 결정,1
우리들휴브레인 시스웍 30억원 BW 투자 비비비 사업 연계 기대,1
시스웍 김동한·최호성 사외이사 신규선임,0
시스웍 최재규·전상현 각자대표 신규 선임,0
시스웍 최대주주 비비비로 변경,0
CB 발행 그후시스웍 최대주주 비비비 변경에 웃는 투자자들,0
특징주 시스웍 6거래일 연속 상한가 후 급락 전환,1
특징주 시스웍 비비비 우회상장 가능성에 닷새째 上,1
상한가 행진 필로시스헬스케어·시스웍유증대상자 好好’,1
한경 팩트체크시스웍 인수한 진단키트 기업 비비비우회상장 추진되나,1
시스웍 83억 규모 유상증자최대주주 비비비로 변경 예정,0
시스웍 제3자배정 83억원 유상증자 결정최대주주 변경,0
fnRASSI시스웍 51 오르며 거래량 증가,0
시스웍 10억원 규모 자사주 취득 신탁계약 체결,1
시스웍 10억 규모 자사주 취득 신탁계약 체결,1
시스웍 작년 연결 영업익 867 감소,0
시스웍 10 이상 상승 전일 외국인 대량 순매수,1
시스웍 주당 40원 현금배당 결정,0
시스웍 주당 40원 현금배당 결정,0
제목,0
쏠리드 5G 통신 분야삼성전자와 협력도 기대 外,1
쏠리드 3분기 실적 반등 전망코로나19 불확실성은 상존하이,0
특징주 쏠리드 디지털 뉴딜 최대 수혜 전망에 강세,1
주간추천주 하나금투실적·모멘텀에 베팅카카오·코스맥스·쏠리드,0
쏠리드 52주 신고가 경신 단기·중기 이평선 정배열로 상승세,1
쏠리드 검색 상위 랭킹 주가 274,0
조윤제 금통위원 쏠리드 등 보유주식 전량 매각종합,0
뉴딜 테마주 쏠리드 급등조윤제 한은 금통위원 화색,1
쏠리드 52주 신고가 경신 단기·중기 이평선 정배열로 상승세,1
쏠리드 하반기 이통 3사에 광중계기 공급할 듯 등,0
쏠리드 검색 상위 랭킹 주가 119,0
fnRASSI쏠리드050890 전일대비 836 상승,1
쏠리드 5G5세대 이동통신 테마 상승세에 519 ↑,1
쏠리드 하반기엔 확실한 실적개선 전망하나금융투자,0
쏠리드 검색 상위 랭킹 주가 584,0
fnRASSI쏠리드 1081 오르며 거래량 증가,0
쏠리드 10 이상 상승 전일 기관 대량 순매수,1
fnRASSI쏠리드 186 오르며 거래량 증가,0
쏠리드 분기별 이익 성장 지속하나금융투자,1
쏠리드 4분기 어닝 서프라이즈이익 성장 지속 전망 하나금융투자,1
제목,0
씨케이에이치 中왓슨스와 합작전국 판매망 확대 계획,0
씨케이에이치 中 왓슨스와 합작전국 판매망 확대 계획,0
씨케이에이치 中 왓슨스와 합작전국 판매망 확대 계획,0
6월 결산 씨케이에이치 감사보고서 수령 후 순이익 정정,1
씨케이에이치 온·오프라인 동시 판매 개시화장품 사업 본격화,1
씨케이에이치 국내 상장 중국기업 테마 상승세에 2207 ↑,1
씨케이에이치 200억원 규모 담보제공 계약 연장,1
씨케이에이치 자회사에 201억원 규모 금전대여 결정,0
씨케이에이치 040 VI 발동,0
fnRASSI씨케이에이치900120 현재 1441,0
